run_id,n,launch_path,event_code,handler_pc,pc,lr,note
1784635636510,1,gwy_shell_core_continue,0x10600,0x2E74AD,0x280058,0x0,slot28_10102_register
1784635636510,2,gwy_shell_core_continue,0x10601,0x2E03E1,0x280058,0x0,slot28_10102_register
1784635636510,3,gwy_shell_core_continue,0x10602,0x2E0421,0x280058,0x0,slot28_10102_register
1784635636510,4,gwy_shell_core_continue,0x10603,0x2E0359,0x280058,0x0,slot28_10102_register
1784635636510,5,gwy_shell_core_continue,0x10604,0x2E0445,0x280058,0x0,slot28_10102_register
1784635636510,6,gwy_shell_core_continue,0x10605,0x2E0361,0x280058,0x0,slot28_10102_register
1784635636510,7,gwy_shell_core_continue,0x10606,0x2DFC61,0x280058,0x0,slot28_10102_register
1784635636510,8,gwy_shell_core_continue,0x1060A,0x2DFC59,0x280058,0x0,slot28_10102_register
1784635636510,9,gwy_shell_core_continue,0x10608,0x2DF699,0x280058,0x0,slot28_10102_register
1784635636510,10,gwy_shell_core_continue,0x10609,0x2E0405,0x280058,0x0,slot28_10102_register
